Kratowski->Kuratowski
Kratowsky->Kuratowski
Kuratowsky->Kuratowski
Lavwere->Lawvere
anamorhpism->anamorphism
anamorhpisms->anamorphisms
anamorphsim->anamorphism
anamorphsim->anamorphism
anamorphsims->anamorphisms
automorhpism->automorphism
automorhpisms->automorphisms
automorphsim->automorphism
automorphsims->automorphisms
cagegory->category
consistsing->consisting
eacy->each,easy
endomorhpism->endomorphism
endomorhpisms->endomorphisms
endomorphsim->endomorphism
endomorphsims->endomorphisms
epimorhpism->epimorphism
epimorhpisms->epimorphisms
epimorphsim->epimorphism
epimorphsims->epimorphisms
foundaiton->foundation
homomorhpism->homomorphism
homomorhpisms->homomorphisms
homomorphsim->homomorphism
homomorphsims->homomorphisms
isomorhpism->isomorphism
isomorhpisms->isomorphisms
isomorphsim->isomorphism
isomorphsims->isomorphisms
monomorhpism->monomorphism
monomorhpisms->monomorphisms
monomorphsim->monomorphism
monomorphsims->monomorphisms
morhpism->morphism
morhpisms->morphisms
morphsim->morphism
morphsims->morphisms
outout->output
